img,heading,date,likes
https://rategaincom.wpenginepowered.com/wp-content/uploads/2023/11/swiftie-effect-buenos-aires-scaled.jpg,Taylor Swift's Spectacular Tour Sparks Unprecedented Hotel Booking Surge in Buenos Aires,"NOVEMBER 23, 2023",7
https://rategaincom.wpenginepowered.com/wp-content/uploads/2023/11/A-Complete-Guide-to-Hotel-Revenue-Management.png,A Complete Guide to Hotel Revenue Management,"NOVEMBER 22, 2023",3
https://rategaincom.wpenginepowered.com/wp-content/uploads/2023/11/The-Ultimate-Guide-to-Choosing-the-Right-Hotel-Booking-Engine.png,The Ultimate Guide to Choosing the Right Hotel Booking Engine,"NOVEMBER 22, 2023",3
https://rategaincom.wpenginepowered.com/wp-content/uploads/2023/10/Google-AdSenses-New-Related-Search-Feature-in-Auto-Ads.png,"Maximize Your Hotel’s Exposure with Google AdSense’s New ""Related Search"" Feature in Auto Ads","OCTOBER 20, 2023",32
https://rategaincom.wpenginepowered.com/wp-content/uploads/2023/10/Transforming-with-Facebooks-Reservation-BUYING-Strategy.png,Beyond Reach & Frequency: Hotels' New Era with Facebook's 'Reservation' Buying Type,"OCTOBER 12, 2023",17
https://rategaincom.wpenginepowered.com/wp-content/uploads/2023/10/Overbookings-Cancellations-Not-a-Problem-with-Modern-Hotel-Booking-Engines.png,Managing Overbookings and Cancellations with Hotel Booking Engines,"OCTOBER 5, 2023",12
https://rategaincom.wpenginepowered.com/wp-content/uploads/2023/10/Hotel-Distribution-Done-Right-Choosing-between-GDS-and-Channel-Manager.png,Global Distribution System (GDS) vs. Channel Manager: Which is Right for Your Hotel,"OCTOBER 1, 2023",11
https://rategaincom.wpenginepowered.com/wp-content/uploads/2023/10/Europe-Christmas-Travel-Trends.jpg,Jingle All the Way: Europe Christmas Travel Trends,"SEPTEMBER 28, 2023",8
https://rategaincom.wpenginepowered.com/wp-content/uploads/2023/09/Bing-Hotel-Ads-Your-Hotels-Secret-Revenue-Booster.png,Why Bing Hotel Ads Should Be in Your Marketing Mix,"SEPTEMBER 28, 2023",9
https://rategaincom.wpenginepowered.com/wp-content/uploads/2023/10/Singapores-Secret-Recipe-for-Year-End-Travel-Success.png,Unraveling the Alchemy: Year-End Travel Trends in Singapore,"SEPTEMBER 26, 2023",8
https://rategaincom.wpenginepowered.com/wp-content/uploads/2023/10/Is-U.S.A.-expecting-a-Domestic-Travel-Boom-this-year-end.png,Year-End U.S. Domestic Travel Insights: A Revenue Manager's Guide to Success,"SEPTEMBER 25, 2023",7
https://rategaincom.wpenginepowered.com/wp-content/uploads/2023/09/Unlocking-Top-Travel-Destinations-in-Egypt-A-Hoteliers-Playbook.jpg,Unlocking Top Travel Destinations in Egypt: A Hotelier's Playbook,"SEPTEMBER 25, 2023",7
https://rategaincom.wpenginepowered.com/wp-content/uploads/2023/09/Shaping-Success-in-Egypts-Dynamic-Hospitality-Landscape.jpg,Shaping Success in Egypt's Dynamic Hospitality Landscape: A Roadmap for Hoteliers,"SEPTEMBER 22, 2023",7
https://rategaincom.wpenginepowered.com/wp-content/uploads/2023/09/Powering-Hospitality-How-Renewable-Energy-Is-Reshaping-Hotels.png,Checking In to a Greener Future: Renewable Energy in Hotels,"SEPTEMBER 15, 2023",6
https://rategaincom.wpenginepowered.com/wp-content/uploads/2023/09/How-Travel-Sellers-Support-Local-Economies.png,Sustaining Communities: The Role of Travel Sellers in Sustainable Tourism,"SEPTEMBER 14, 2023",6
https://rategaincom.wpenginepowered.com/wp-content/uploads/2023/09/Drip-by-Drip-How-Hotels-Are-Leading-the-Way-in-Water-Conservation.png,Flowing Towards Sustainability: Water Conservation in Hotels,"SEPTEMBER 11, 2023",6
https://rategaincom.wpenginepowered.com/wp-content/uploads/2023/09/Eco-friendly-practices-in-Vacation-Rentals.png,Eco-Friendly Practices in Vacation Rentals: A Win-Win for Guests and the Environment,"SEPTEMBER 10, 2023",7
https://rategaincom.wpenginepowered.com/wp-content/uploads/2023/09/Trash-to-Treasures-Zero-Waste-Travelers-Handbook.png,Zero-Waste Travel: A Sustainable Path to Explore the World,"SEPTEMBER 9, 2023",6
https://rategaincom.wpenginepowered.com/wp-content/uploads/2023/09/Hotel-Sustainable-Supply-Chain-Strategies.png,Building a Greener Future: Sustainable Supply Chain Management in Hotels,"SEPTEMBER 8, 2023",5
https://rategaincom.wpenginepowered.com/wp-content/uploads/2023/09/Airlines-Sustainable-Innovations.png,Airline Sustainability Initiatives: How Airlines are Going Green,"SEPTEMBER 7, 2023",4
https://rategaincom.wpenginepowered.com/wp-content/uploads/2023/09/Embrace-Eco-Tourism-Your-Passport-to-Sustainable-Wanderlust.png,Exploring Eco-Tourism: Where Nature Meets Responsible Travel,"SEPTEMBER 6, 2023",6
https://rategaincom.wpenginepowered.com/wp-content/uploads/2023/09/Measuring-and-Reporting-Sustainability-Impact.png,Measuring and Reporting Sustainability Impact: Metrics for Hotels and Travel Sellers,"SEPTEMBER 6, 2023",4
https://rategaincom.wpenginepowered.com/wp-content/uploads/2023/09/Sustainable-Practices-for-Tour-Operators.png,Reducing Carbon Footprint: Sustainable Practices for Tour Operators,"SEPTEMBER 5, 2023",6
https://rategaincom.wpenginepowered.com/wp-content/uploads/2023/09/Wings-and-Wonders-Biodiversity-Conservation-in-Tourism.png,Preserving Paradise: Biodiversity Conservation in Travel,"SEPTEMBER 4, 2023",5
https://rategaincom.wpenginepowered.com/wp-content/uploads/2023/09/Green-Hotel-Badge-for-Sustainable-Accommodations.png,"How Green is your Hotel? Do Good and Show it to the World – on Google, for Example","SEPTEMBER 3, 2023",7
https://rategaincom.wpenginepowered.com/wp-content/uploads/2023/09/Evolution-of-UK-Hospitality.png,The Digital Evolution of UK Hospitality: A Historic Journey From Keys to Clicks,"SEPTEMBER 1, 2023",7
https://rategaincom.wpenginepowered.com/wp-content/uploads/2023/10/Driving-Green-The-Future-of-Sustainable-Car-Rentals.png,Driving Green: The Future of Sustainable Car Rentals,"SEPTEMBER 1, 2023",6
https://rategaincom.wpenginepowered.com/wp-content/uploads/2023/09/Taste-the-Future-Sustainable-Food-Practices-in-Hospitality.png,Taste the Future: Sustainable Food Practices in Hotels and Restaurants,"SEPTEMBER 1, 2023",6
https://rategaincom.wpenginepowered.com/wp-content/uploads/2023/10/The-DMO-Effect-Enhancing-Tourisms-Role-in-Local-Economies.png,The Heart of Travel: DMOs and Their Impact on Local Economies,"SEPTEMBER 1, 2023",8
https://rategaincom.wpenginepowered.com/wp-content/uploads/2023/08/The-World-is-Coming-to-India-this-Winter-Season.png,Exploring India's Travel Resurgence: From G20 Summit to Cricket Hype Amidst a High-Demand Festive Season,"AUGUST 31, 2023",9
https://rategaincom.wpenginepowered.com/wp-content/uploads/2023/08/Your-Hotels-Social-Media-Just-Got-Google-fied-Google-Business-Profile.webp,Social Media Meets Google Business Profile: Here's Why You Should Care,"AUGUST 21, 2023",5
https://rategaincom.wpenginepowered.com/wp-content/uploads/2023/08/The-Hidden-Costs-of-Poor-Hotel-System-Connectivity.png,Connect the Dots: Decoding Common Hotel System Connectivity Challenges,"AUGUST 18, 2023",5
https://rategaincom.wpenginepowered.com/wp-content/uploads/2023/08/Google-Analytics-4-Rolls-Out-New-User-Data-Export-To-BigQuery.webp,GA4's New User Data Export to BigQuery: Your Key to Hyper-Personalized Hotel Marketing,"AUGUST 17, 2023",5
https://rategaincom.wpenginepowered.com/wp-content/uploads/2023/08/Role-of-AI-Ml-in-Hotel-Search-Engines.webp,How AI and Machine Learning are Shaping Hotel Search Engines,"AUGUST 16, 2023",5
https://rategaincom.wpenginepowered.com/wp-content/uploads/2023/08/DE-I-RG.webp,Unpacking Global DE&I Pillars: A Strategy for Inclusivity,"AUGUST 16, 2023",5
https://rategaincom.wpenginepowered.com/wp-content/uploads/2023/08/evolution-of-hotel-search-engines.webp,"The Evolution of Hotel Search Engines: Past, Present, and Future","AUGUST 15, 2023",5
https://rategaincom.wpenginepowered.com/wp-content/uploads/2023/08/India-beyond-75.webp,From Green Revolution to Space Exploration: 75 Innovations Propelling India Beyond 75,"AUGUST 14, 2023",6
https://rategaincom.wpenginepowered.com/wp-content/uploads/2023/08/How-Hotel-Search-Engines-are-Supporting-Sustainable-Travel.webp,Going Green: How Hotel Search Engines are Championing the Cause of Sustainable Travel,"AUGUST 10, 2023",3
https://rategaincom.wpenginepowered.com/wp-content/uploads/2023/08/Google_s-New-Hotel-Search-Carousel.webp,Get Noticed: The Smart Hotelier's Guide to Google's Filtered Search Carousel,"AUGUST 9, 2023",3
https://rategaincom.wpenginepowered.com/wp-content/uploads/2023/08/Understanding-the-Mechanics-of-Hotel-Search-Engines.webp,Understanding the Mechanics of Hotel Search Engines,"AUGUST 9, 2023",4
https://rategaincom.wpenginepowered.com/wp-content/uploads/2023/08/Hospitality-in-the-Digital-Age-Softwares-for-Hotel-Success.webp,Hospitality in the Digital Age: Software Breakthroughs and What's Next,"AUGUST 8, 2023",5
https://rategaincom.wpenginepowered.com/wp-content/uploads/2023/08/The-Heart-of-Hospitality-A-Guide-to-Outshine-Competitors-at-Every-Traveler-Touchpoint.webp,Gaining a Competitive Edge at Every Stage of the Traveler Journey,"AUGUST 4, 2023",5
https://rategaincom.wpenginepowered.com/wp-content/uploads/2023/08/Fine-Tuning-Your-Hotels-Strategy-The-Art-of-Revenue-Management-Analytics.webp,Elevate Your Hotel's Performance with Revenue Management Analytics,"AUGUST 4, 2023",5
https://rategaincom.wpenginepowered.com/wp-content/uploads/2023/08/How-Hotels-Can-Stay-Ahead-in-Dynamic-Hospitality-Industry.webp,How Hotels Can Stay Ahead in the Dynamic Hospitality Industry,"AUGUST 4, 2023",6
https://rategaincom.wpenginepowered.com/wp-content/uploads/2023/08/Hospitality-Management-Unraveled-Journey-of-Experiences.png,What is Hospitality Management? Why is it Important?,"AUGUST 1, 2023",5
https://rategaincom.wpenginepowered.com/wp-content/uploads/2023/08/Has-_The-Swiftie-Fever_-Opened-New-Travel-Avenues-In-the-U.S.webp,Has 'The Swiftie Fever' Opened New Travel Avenues In the U.S.,"AUGUST 1, 2023",5
https://rategaincom.wpenginepowered.com/wp-content/uploads/2023/07/Strategies-to-Succeed-with-Technological-Partnerships-in-Hospitality.webp,How to Make Technology Partnerships Successful for Hotels,"JULY 21, 2023",7
https://rategaincom.wpenginepowered.com/wp-content/uploads/2023/07/AI-Machine-Learning-Who-Will-Lead-the-Change.webp,AI and Machine Learning – Who Will Lead the Change and What Will it Look Like?,"JULY 20, 2023",7
https://rategaincom.wpenginepowered.com/wp-content/uploads/2023/07/Strategies-for-Big-Hotel-Chains-to-Stay-Ahead.webp,Large Hotel Chains Can Move Fast Too: 10 Ideas To Implement Today,"JULY 18, 2023",5
https://rategaincom.wpenginepowered.com/wp-content/uploads/2023/07/Mastering-the-Distribution-Game-for-Big-Hotel-Chains.png,The Basics of Distribution for Hotel Chains,"JULY 18, 2023",5
https://rategaincom.wpenginepowered.com/wp-content/uploads/2023/07/The-Game-Changing-Benefits-of-Metasearch-Marketing.webp,Supercharging Hotel Bookings: The Game-Changing Benefits of Metasearch Marketing,"JULY 18, 2023",5
https://rategaincom.wpenginepowered.com/wp-content/uploads/2023/07/Techology-Stack-Needed-by-OTAs.webp,The Tech-Stack Needed by OTAs to Scale Your BI Capabilities,"JULY 17, 2023",5
https://rategaincom.wpenginepowered.com/wp-content/uploads/2023/07/The-Future-of-rate-parity-in-hospitality.webp,The Future of Rate Parity in the Hospitality Industry,"JULY 17, 2023",6
https://rategaincom.wpenginepowered.com/wp-content/uploads/2023/07/HOW-PRICING-WILL-CHANGE-IN-the-AGE-OF-AI.webp,How Hotel Pricing is Going to Change in the Age of AI,"JULY 12, 2023",5
https://rategaincom.wpenginepowered.com/wp-content/uploads/2023/07/Leveraging-Instagram-Threads-for-the-Travel-and-Hospitality-Industry.webp,Leveraging Instagram Threads for the Travel and Hospitality Industry,"JULY 10, 2023",5
https://rategaincom.wpenginepowered.com/wp-content/uploads/2023/07/GA4.webp,Calling All Hoteliers: Unleash the Power of GA4 for Optimal Performance,"JULY 7, 2023",7
https://rategaincom.wpenginepowered.com/wp-content/uploads/2023/07/Sustainable-Hotels.webp,Green Gold: Sustainable Hotels Shaping Profitable and Responsible Hospitality,"JULY 3, 2023",6
https://rategaincom.wpenginepowered.com/wp-content/uploads/2023/07/Managing-Cancellations-to-Optimize-Revenue-_-Guest-Satisfaction.webp,Managing Hotel Cancellations: Strategies to Optimize Revenue and Guest Satisfaction,"JUNE 28, 2023",4
https://rategaincom.wpenginepowered.com/wp-content/uploads/2023/06/Hotel-Big-Data-Analytics.webp,Big Data: The Game Changer in Hospitality Industry,"JUNE 27, 2023",5
https://rategaincom.wpenginepowered.com/wp-content/uploads/2023/06/Unveiling-the-Hotel-Challenges-Navigating-Obstacles-in-Dynamic-Hospitality-Landscape.webp,Unveiling the Hotel Challenges: Navigating Obstacles in the Dynamic Hospitality Landscape,"JUNE 26, 2023",5
https://rategaincom.wpenginepowered.com/wp-content/uploads/2023/06/Distribution-Challenges-for-Hotels-in-Latin-America.webp,Distribution Challenges for Hotels in Latin America,"JUNE 23, 2023",5
https://rategaincom.wpenginepowered.com/wp-content/uploads/2023/06/Cracking-Distribution-Code-Navigating-Challenges-with-Technology-and-Strategy.webp,Navigating Hotel Distribution Challenges with Technology and Strategy,"JUNE 22, 2023",7
https://rategaincom.wpenginepowered.com/wp-content/uploads/2023/06/Digital-foundation-in-hotel-industry.webp,What Does Digital Foundation in Hospitality Look Like,"JUNE 20, 2023",6
https://rategaincom.wpenginepowered.com/wp-content/uploads/2023/06/Effective-Hotel-Pricing-Strategies-During-Low-Demand-Periods.webp,Effective Hotel Pricing Strategies To Maximize Revenue During Low Demand Periods,"JUNE 13, 2023",6
https://rategaincom.wpenginepowered.com/wp-content/uploads/2023/06/allyship.webp,The Power of Allyship: Building Bridges of Support and Inclusion,"JUNE 12, 2023",6
https://rategaincom.wpenginepowered.com/wp-content/uploads/2023/06/Unlocking-Success-Strategies-for-Hotel-Revenue-Management-Hotel.webp,Mastering Success: Hotel Revenue Management Strategies for Optimal Growth,"JUNE 11, 2023",5
https://rategaincom.wpenginepowered.com/wp-content/uploads/2023/06/Solving-the-Challenge-of-Overbooking-in-Hotels.webp,Solving the Challenge of Overbooking in Hotels: Strategies for Seamless Guest Experience,"JUNE 10, 2023",6
https://rategaincom.wpenginepowered.com/wp-content/uploads/2023/06/Revenue-Management-Managing-Hotel-Demand-During-Special-Events.webp,Navigating the Highs and Lows: Managing Hotel Demand During Special Events,"JUNE 9, 2023",6
https://rategaincom.wpenginepowered.com/wp-content/uploads/2023/06/Revenue-Management-The-Impact-of-Weather-on-Hotel-Demand.webp,The Impact of Weather on Hotel Demand: Leveraging Insights for Success,"JUNE 9, 2023",6
https://rategaincom.wpenginepowered.com/wp-content/uploads/2023/06/AI-Powered-Innovations-for-the-Hotel-Industry.jpg,Inside Google Marketing Live 2023: AI-Powered Innovations & What They Mean for the Hotel Industry,"JUNE 8, 2023",6
https://rategaincom.wpenginepowered.com/wp-content/uploads/2023/06/Unlock-the-Secrets-of-Hotel-Loyalty-Programs.webp,Hotel Loyalty Programs: Building Customer Loyalty and Maximizing Rewards,"JUNE 8, 2023",6
https://rategaincom.wpenginepowered.com/wp-content/uploads/2023/06/Revenue-Management-Impact-of-Seasonality-on-Revenue.webp,The Impact of Seasonality on Hotel Revenue: Understanding the Highs and Lows,"JUNE 8, 2023",7
https://rategaincom.wpenginepowered.com/wp-content/uploads/2016/12/Industry-Statistics-ADR.webp,Walking the Tight Rope: High Hotel ADR and Low Distribution Cost,"JUNE 7, 2023",7
https://rategaincom.wpenginepowered.com/wp-content/uploads/2023/06/Inventory-Management-The-Role-of-CRS-in-Efficient-Hotel-Inventory-Distribution.webp,The Role of Central Reservation Systems in Efficient Hotel Inventory Distribution,"JUNE 7, 2023",7
https://rategaincom.wpenginepowered.com/wp-content/uploads/2023/06/pride-month-history.webp,The History of Pride Month: Celebrating Love and Equality,"JUNE 5, 2023",5
https://rategaincom.wpenginepowered.com/wp-content/uploads/2023/06/Hotel-Technology-4-A-Comprehensive-Guide-to-Cloud-Computing-for-Hotels.webp,A Comprehensive Guide to Cloud Computing for Hotels: Transforming the Hospitality Industry,"JUNE 5, 2023",5
https://rategaincom.wpenginepowered.com/wp-content/uploads/2023/06/Distribution-Understanding-Hotel-Central-Reservation-System-Streamlining-Operations-a.webp,Unlock the Power of a Hotel Central Reservation System,"JUNE 1, 2023",6
https://rategaincom.wpenginepowered.com/wp-content/uploads/2017/09/Hotel-Technology-3-Leveraging-Data-and-Analytics-to-Distribute-Your-Hotel-Inventory-Effectively.webp,Data and Analytics Can Help You Distribute Your Hotel Inventory Effectively & Run Hotel Profitably,"MAY 26, 2023",5
https://rategaincom.wpenginepowered.com/wp-content/uploads/2023/05/Hotel-Technology-2-Data-Driven-Excellence-Maximizing-Performance-with-Hotel-Data-Analytics.webp,Data-Driven Excellence: Maximizing Performance with Hotel Data Analytics,"MAY 26, 2023",7
https://rategaincom.wpenginepowered.com/wp-content/uploads/2023/05/Driving-Higher-Hotel-Occupancy-Rates.webp,Driving Higher Hotel Occupancy Rates: Implementing Effective Strategies,"MAY 25, 2023",7
https://rategaincom.wpenginepowered.com/wp-content/uploads/2023/01/Hotel-Digital-Marketing-Boost-Your-Online-Presence-_-Drive-Bookings.webp,The Complete Guide to Hotel Digital Marketing: Boost Your Online Presence and Drive Bookings,"MAY 24, 2023",7
https://rategaincom.wpenginepowered.com/wp-content/uploads/2022/12/Distribution-What-is-a-Global-Distribution-System-GDS-How-does-it-Benefit-Your-Hotel.webp,What is a Global Distribution System (GDS)? How does it Benefit Your Hotel?,"MAY 23, 2023",8
https://rategaincom.wpenginepowered.com/wp-content/uploads/2023/05/Hotel-Technology-1-The-Power-of-Hotel-Technology.webp,Unleashing the Power of Hotel Technology: The Game Changer in Tech-Savvy Hospitality,"MAY 23, 2023",5
https://rategaincom.wpenginepowered.com/wp-content/uploads/2023/05/Revenue-Management-Unlocking-Profitability-with-Hotel-Revenue-Management.webp,Unlocking Profitability: An Introduction to Hotel Revenue Management,"MAY 23, 2023",4
https://rategaincom.wpenginepowered.com/wp-content/uploads/2023/05/Destination-Marketing-2-Why-Should-all-Destinations-have-a-DMO.webp,Why Should All Destinations Have a Destination Marketing Organization (DMO)?,"MAY 22, 2023",2
https://rategaincom.wpenginepowered.com/wp-content/uploads/2023/05/Destination-Marketing-1-What-are-DMOs.webp,"Destination Marketing Organization: Its Roles, Importance, and Benefits in the Hospitality Industry","MAY 22, 2023",2
https://rategaincom.wpenginepowered.com/wp-content/uploads/2023/04/Distribution-Difference-between-Hotel-PMS-Channel-Manager-OTAs-and-Booking-Engine.webp,"Difference Between a Hotel PMS, Channel Manager, OTAs, and Booking Engine","MAY 22, 2023",5
https://rategaincom.wpenginepowered.com/wp-content/uploads/2023/03/Hotel-Distribution-Channels-A-Complete-Guide.webp,The Complete Guide to Distribution Channels in the Hotel Industry,"MAY 21, 2023",3
https://rategaincom.wpenginepowered.com/wp-content/uploads/2023/03/Effective-Channel-Management-for-Hospitality-Businesses.webp,Unlocking New Revenue Streams: A Guide to Effective Channel Management for Hospitality Businesses,"MAY 21, 2023",3
https://rategaincom.wpenginepowered.com/wp-content/uploads/2023/05/Metasearch-Engines-A-Game-Changer-for-Online-Businesses.webp,Unveiling the Magic of Metasearch Engines: A Game Changer for Online Businesses,"MAY 21, 2023",2
https://rategaincom.wpenginepowered.com/wp-content/uploads/2023/05/Adapting-Hotel-Distribution-Mastering-Content-Management-for-Success.webp,Where does Content Fit in the Evolution of Hotel Distribution?,"MAY 20, 2023",3
https://rategaincom.wpenginepowered.com/wp-content/uploads/2023/05/Boost-your-Online-Presence-with-a-Hotel-Content-Management-System.webp,Boost Your Hotel's Online Presence with a Hotel Content Management System,"MAY 19, 2023",2
https://rategaincom.wpenginepowered.com/wp-content/uploads/2023/05/Streamlining-Hotel-Pricing-Strategy-with-Advanced-Rate-Shopping-Software.webp,Streamline Your Hotel Pricing Strategy with Advanced Rate Shopping Software,"MAY 18, 2023",2
https://rategaincom.wpenginepowered.com/wp-content/uploads/2016/10/Dynamic-Pricing-Strategy-for-the-Hospitality-Industry.webp,Dynamic Pricing Strategy in Hotels for Hospitality Industry,"MAY 18, 2023",10
https://rategaincom.wpenginepowered.com/wp-content/uploads/2023/05/Pricing-Strategy-1-Hotel-Pricing-Strategy-for-Revenue-Maximization.webp,Hotel Pricing Strategy: Maximizing Revenue Through Effective Pricing Techniques,"MAY 18, 2023",5
https://rategaincom.wpenginepowered.com/wp-content/uploads/2023/05/Google-Hotel-Ads-_1-How-to-use-Google-Hotel-Ads-A-Complete-Guide.webp,How To Use Google Hotel Ads: A Complete Guide,"MAY 18, 2023",5
https://rategaincom.wpenginepowered.com/wp-content/uploads/2023/05/Inventory-Management-4-Boost-your-Hotel-Revenue-with-Efficient-Hotel-Inventory-Management.webp,Boost Your Hotel Revenue with Efficient Hotel Inventory Management,"MAY 16, 2023",6
https://rategaincom.wpenginepowered.com/wp-content/uploads/2023/05/Inventory-Management-3-How-can-you-Benefit-from-Hotel-Wholesalers.webp,Cracking the Code: How to Benefit from Hotel Wholesalers,"MAY 16, 2023",5
https://rategaincom.wpenginepowered.com/wp-content/uploads/2023/05/Rate-Parity-_2-Important-Tips-to-cope-up-with-Rate-Parity-Issues.webp,8 Easy Tips for Hotel Revenue Managers to Cope With Rate Parity Issues,"MAY 15, 2023",6
https://rategaincom.wpenginepowered.com/wp-content/uploads/2023/05/Rate-Parity-_1-What-is-Hotel-Rate-Parity-Why-is-it-Important.webp,What is Hotel Rate Parity? Why is it Important in the Hotel Industry?,"MAY 15, 2023",5
https://rategaincom.wpenginepowered.com/wp-content/uploads/2016/03/Channel-Management-2-Critical-Factors-to-Consider-before-you-Invest-in-a-Hotel-Channel-Manager.webp,18 Factors to Consider before Investing in Channel Manager for Your Hotel,"MAY 14, 2023",4
https://rategaincom.wpenginepowered.com/wp-content/uploads/2023/05/Hotel-Sales-Strategy-Crucial-Hotel-Sales-Strategies-to-Boost-Occupancy-and-Revenue.webp,Crucial Hotel Sales Strategies to Boost Occupancy and Revenue,"MAY 14, 2023",4
https://rategaincom.wpenginepowered.com/wp-content/uploads/2023/05/Channel-Management-1-What-is-a-channel-manager.webp,What is a Hotel Channel Manager? How Do You Choose the Perfect One?,"MAY 14, 2023",5
https://rategaincom.wpenginepowered.com/wp-content/uploads/2023/05/Content-Management-5-How-Can-Content-Solve-The-Expectation-Gap-for-Hotels.webp,How Can Content Solve The Expectation Gap for Hotels?,"MAY 13, 2023",5
https://rategaincom.wpenginepowered.com/wp-content/uploads/2023/05/Changing-Markets-Post-Pandemic-Guest-Behaviors-Changing-Booking-Inspiration.png,Changing Markets Post-Pandemic: Guest Behaviors Changing Booking Inspiration,"MAY 11, 2023",4
https://rategaincom.wpenginepowered.com/wp-content/uploads/2023/05/Occupancy-Rate-and-calculation.webp,What is Hotel Occupancy Rate? How to Calculate it?,"MAY 6, 2023",7
https://rategaincom.wpenginepowered.com/wp-content/uploads/2023/05/Is-RevPAR-the-Best-Metric-to-Measure-Profitability-scaled.webp,Is RevPAR the Best Metric to Measure Profitability?,"MAY 5, 2023",4
https://rategaincom.wpenginepowered.com/wp-content/uploads/2023/05/Content-Management-4-Why-Should-Hotels-Update-Content-on-OTAs-Frequently.webp,Why Should Hotels Update Content On OTAs Frequently?,"MAY 5, 2023",5
https://rategaincom.wpenginepowered.com/wp-content/uploads/2023/05/Why-Metasearch-is-critical-for-your-hotels-Direct-Bookings-Strategy-scaled.webp,Why Metasearch is critical for your Direct Bookings Strategy,"MAY 4, 2023",4
https://rategaincom.wpenginepowered.com/wp-content/uploads/2023/05/Content-Management-3-Why-Content-on-OTAs-is-Critical-for-Improving-Conversion-Rates-scaled.webp,Why Content on OTAs is Critical for Improving Conversion Rates,"MAY 3, 2023",4
https://rategaincom.wpenginepowered.com/wp-content/uploads/2023/05/How-do-Hotels-Distribute-Inventory-to-Drive-Bookings-scaled.webp,How do Hotels Distribute Inventory to Drive Bookings,"MAY 3, 2023",4
https://rategaincom.wpenginepowered.com/wp-content/uploads/2023/05/What-is-RevPAR-scaled.webp,What is RevPAR ? Why does it Matter?,"MAY 1, 2023",4
https://rategaincom.wpenginepowered.com/wp-content/uploads/2023/01/A-Complete-Guide-to-Hotel-Marketing-Strategy-_1_.webp,A Complete Guide to Hotel Marketing Strategy for 2023,"APRIL 30, 2023",3
https://rategaincom.wpenginepowered.com/wp-content/uploads/2023/04/Latin-Americas-Hospitality-Industry-is-Ready-to-Take-the-AI-Leap-into-the-Future-1.jpg,Latin America’s Hospitality Industry is Ready to Take the AI Leap into the Future,"APRIL 27, 2023",4
https://rategaincom.wpenginepowered.com/wp-content/uploads/2023/06/Kamesh-Shukla-on-Sustainable-Travel.webp,Sustainability: The Conversation We Need To Have With ChatGPT Today,"APRIL 27, 2023",4
https://rategaincom.wpenginepowered.com/wp-content/uploads/2023/04/Content-Management-2-Why-Should-You-Care-About-Hotel-Content-Management-Distribution-scaled.webp,Here's Why You Should Care About Hotel Content Management & Distribution,"APRIL 22, 2023",7
https://rategaincom.wpenginepowered.com/wp-content/uploads/2023/04/Why-Ease-of-Use-is-the-Core-of-any-Booking-Engine.webp,Why Ease of Use is the Core of any Booking Engine?,"APRIL 15, 2023",7
https://rategaincom.wpenginepowered.com/wp-content/uploads/2023/05/Why-is-Security-Critical-for-a-Hotel-Booking-Engine-scaled.webp,Why is Security Critical for a Booking Engine?,"APRIL 14, 2023",7
https://rategaincom.wpenginepowered.com/wp-content/uploads/2023/04/boooking-com-blog-1.jpg,Thank You Booking.com For Showing Us The Future,"APRIL 13, 2023",4
https://rategaincom.wpenginepowered.com/wp-content/uploads/2023/05/How-do-you-Evaluate-a-Hotel-Booking-Engine-scaled.webp,How to Evaluate a Booking Engine?,"APRIL 13, 2023",7
https://rategaincom.wpenginepowered.com/wp-content/uploads/2023/05/All-You-Need-to-Know-About-a-Hotel-Booking-Engine-scaled.webp,All You Need to Know About a Hotel Booking Engine,"APRIL 12, 2023",3
https://rategaincom.wpenginepowered.com/wp-content/uploads/2023/04/MicrosoftTeams-image-8.jpg,Revolutionizing Guest Experiences and Revenue Management with AI,"APRIL 6, 2023",9
https://rategaincom.wpenginepowered.com/wp-content/uploads/2023/04/what-is-a-direct-booking.jpg,What is Direct Booking?,"APRIL 5, 2023",9
https://rategaincom.wpenginepowered.com/wp-content/uploads/2023/04/Content-Management-1-What-is-the-Relevance-of-Content-for-Hotels-scaled.webp,The Relevance of Content for Hotels,"APRIL 1, 2023",4
https://rategaincom.wpenginepowered.com/wp-content/uploads/2023/03/MicrosoftTeams-image-2-1.jpg,Leading the Way: Top 8 Hospitality Technology Trends to Watch in 2023,"MARCH 21, 2023",6
https://rategaincom.wpenginepowered.com/wp-content/uploads/2023/03/A-Complete-Guide-to-Hotel-Connectivity-_-Distribution.webp,A Complete Guide to Hotel Connectivity & Distribution,"MARCH 21, 2023",3
https://rategaincom.wpenginepowered.com/wp-content/uploads/2023/03/MicrosoftTeams-image-3-1.jpg,Revolutionizing the Hospitality Industry: The Role of Advanced Channel Managers in Driving Hotel Business Growth,"MARCH 16, 2023",4
https://rategaincom.wpenginepowered.com/wp-content/uploads/2023/05/What-are-the-Key-Hotel-Industry-Statistics-scaled.webp,What are Hotel Industry Statistics?,"MARCH 6, 2023",4
https://rategaincom.wpenginepowered.com/wp-content/uploads/2023/02/MicrosoftTeams-image-1.jpg,The Data Goldmine: The 3 Step Process to Unlocking the Power of Guest Data,"FEBRUARY 15, 2023",4
https://rategaincom.wpenginepowered.com/wp-content/uploads/2023/01/How-To-Use-Guest-Messaging-To-Improve-Revenue.jpg,How To Use Guest Messaging To Improve Revenue,"JANUARY 31, 2023",4
https://rategaincom.wpenginepowered.com/wp-content/uploads/2023/01/MicrosoftTeams-image.jpg,Spin Around the Challenges of an Economic Downturn with AI-Enabled Solutions,"JANUARY 30, 2023",3
https://rategaincom.wpenginepowered.com/wp-content/uploads/2019/04/hotel-revenue-management-system-900x450.jpg,What is a Hotel Property Management System (PMS)?,"JANUARY 23, 2023",4
https://rategaincom.wpenginepowered.com/wp-content/uploads/2023/01/creating-a-picture-perfect-guest-experience-in-dubai.jpg,Unlocking A New Level Of Luxury For Dubai: The Rising Need For Technology,"JANUARY 20, 2023",3
https://rategaincom.wpenginepowered.com/wp-content/uploads/2023/01/MicrosoftTeams-image-6.jpg,Troubleshooting Guest Engagement: Is the Answer in the Palm of your Hands?,"JANUARY 6, 2023",5
https://rategaincom.wpenginepowered.com/wp-content/uploads/2022/12/uk-banner-1.jpg,No Shortage of Guest Engagement Despite Labour Shortage in the UK: Why Technology is the Answer,"DECEMBER 23, 2022",4
https://rategaincom.wpenginepowered.com/wp-content/uploads/2022/12/engage-banner-1.jpg,Journey to better guest satisfaction: Why digitisation is the shortcut you need,"DECEMBER 16, 2022",3
https://rategaincom.wpenginepowered.com/wp-content/uploads/2022/12/7-tips-for-a-booking-friendly-hotel-website-blog-banner.jpg,7 Tips for A Booking-friendly Hotel Website,"DECEMBER 12, 2022",3
https://rategaincom.wpenginepowered.com/wp-content/uploads/2022/12/Top-banner-2.jpg,The Problem In Paradise: What The Hotels Of Maldives Need To Know,"DECEMBER 6, 2022",3
https://rategaincom.wpenginepowered.com/wp-content/uploads/2022/11/sentiment-mapping-1-1.jpg,The Good Side Of AI: Read Between The Lines To Understand Your Guests’ Feelings,"NOVEMBER 11, 2022",2
https://rategaincom.wpenginepowered.com/wp-content/uploads/2022/10/Preparing-for-the-Future-of-Air-Travel-Demand.jpg,Preparing for the Future of Air Travel Demand,"NOVEMBER 4, 2022",1
https://rategaincom.wpenginepowered.com/wp-content/uploads/2022/11/Digital-Hosp_Banner-1-scaled.jpg,Digital Hospitality: No Longer An Oxymoron,"NOVEMBER 3, 2022",1
https://rategaincom.wpenginepowered.com/wp-content/uploads/2022/10/Peak-Experience-For-Peak-Season.webp,Peak Experience For The Peak Season,"OCTOBER 27, 2022",2
https://rategaincom.wpenginepowered.com/wp-content/uploads/2022/10/Forward-looking-Insights-on-Travel-Demand-Top-Trending-Cities-in-Asia.webp,Forward-looking Insights on Travel Demand: Top Trending Cities in Asia (Oct – Dec 2022),"OCTOBER 24, 2022",2
https://rategaincom.wpenginepowered.com/wp-content/uploads/2022/10/Guest-Dissatisfaction.webp,Guest Dissatisfaction: De-mystified,"OCTOBER 19, 2022",2
https://rategaincom.wpenginepowered.com/wp-content/uploads/2022/10/beyond-just-blog-img.webp,Beyond Just Emojis: Leveraging WhatsApp To Improve Guest Experience,"OCTOBER 11, 2022",2
https://rategaincom.wpenginepowered.com/wp-content/uploads/2022/10/guests-experience.webp,Experiences Above All: The Long and Short of Guest Experiences,"OCTOBER 6, 2022",1
https://rategaincom.wpenginepowered.com/wp-content/uploads/2022/10/Rategain-Partnership.webp,Humans Of RateGain: Q&A With Mark Haywood,"OCTOBER 4, 2022",1
https://rategaincom.wpenginepowered.com/wp-content/uploads/2022/10/ezgif.com-gif-maker-6.webp,India’s Festive Season Travel Outlook,"OCTOBER 3, 2022",2
https://rategaincom.wpenginepowered.com/wp-content/uploads/2022/09/Productivity-For-The-Front-Desk-What-Has-Changed.webp,Productivity For The Front Desk: What Has Changed,"SEPTEMBER 27, 2022",3
https://rategaincom.wpenginepowered.com/wp-content/uploads/2022/09/Drive-more-bookings.webp,How Can Scoring Content Help Hotels Drive More Bookings,"SEPTEMBER 20, 2022",3
https://rategaincom.wpenginepowered.com/wp-content/uploads/2022/09/New-Data-Sources-that-can-help-commercial-teams-make-better-decisions-1.webp,New Data Sources To Help Commercial Teams Make Better Decisions,"SEPTEMBER 20, 2022",3
https://rategaincom.wpenginepowered.com/wp-content/uploads/2022/09/Hotel-Online-Bookings-Can-Be-More-Profitable.webp,Hotel Online Bookings Can Be More Profitable,"SEPTEMBER 20, 2022",3
https://rategaincom.wpenginepowered.com/wp-content/uploads/2022/08/Post-pandemic.webp,Bridging Silos in Commercial Teams Post Pandemic,"AUGUST 25, 2022",7
https://rategaincom.wpenginepowered.com/wp-content/uploads/2022/08/Data-Transparency.webp,Data Transparency: The New Way to Collaborate in Commercial Teams,"AUGUST 25, 2022",7
https://rategaincom.wpenginepowered.com/wp-content/uploads/2022/07/Are-Middle-East-Hoteliers-Ready-for-the-Next-Big-Shift.jpg,Are Middle East Hoteliers Ready for the Next Big Shift?,"JULY 18, 2022",5
https://rategaincom.wpenginepowered.com/wp-content/uploads/2022/06/Blog-En-2-1.jpg,Artificial Intelligence in the Hospitality Industry : The Future,"JULY 13, 2022",6
https://rategaincom.wpenginepowered.com/wp-content/uploads/2022/06/Blog-En-1.jpg,What is Engage-AI? What are the benefits of using Engage-AI?,"JULY 7, 2022",7
https://rategaincom.wpenginepowered.com/wp-content/uploads/2022/06/Enjoy-greater-conversions-by-offering-Mobile-Rates-to-your-prospective-customers.jpg,Enjoy Greater Conversions by Offering Mobile Rates to your Prospective Customers,"JUNE 30, 2022",7
https://rategaincom.wpenginepowered.com/wp-content/uploads/2022/06/Improving-Business-by-Offering-Country-Rates-to-Prospective-Customers.jpg,Improving Business by Offering Country Rates to Prospective Customers,"JUNE 21, 2022",6
https://rategaincom.wpenginepowered.com/wp-content/uploads/2022/05/The-Role-of-Metasearch-in-Pandemic-Recovery.jpg,The Role of Metasearch in Pandemic Recovery,"MAY 31, 2022",6
https://rategaincom.wpenginepowered.com/wp-content/uploads/2022/03/Actionable-Accurate-Demand-Intelligence-for-DMOs-and-DMCs-1.jpg,Why Forward-looking Demand Intelligence is all the More Important for a Destination and it's DMO Today?,"MARCH 31, 2022",5
https://rategaincom.wpenginepowered.com/wp-content/uploads/2022/03/RateGain-RezGain-Become-a-Genius-and-drive-sales-banner.jpg,How to Become a Genius and Drive-up Hotel Visibility and Occupancy Rates!,"MARCH 10, 2022",5
https://rategaincom.wpenginepowered.com/wp-content/uploads/2022/03/Leveling-up-Demand-Forecasting-through-Airline-Traveller-Forecast-3.jpg,Airline Traveler Forecast: Can it help in anticipating demand better?,"MARCH 9, 2022",6
https://rategaincom.wpenginepowered.com/wp-content/uploads/2022/01/AirGain-new-blog.jpg,How can User Experience Help Revenue Managers? Ask AirGain,"JANUARY 13, 2022",3
https://rategaincom.wpenginepowered.com/wp-content/uploads/2021/12/RateGain-Blog-Booking-Travel-Manifesto-for-2022.jpg,The Travel Manifesto for 2022,"DECEMBER 24, 2021",9
https://rategaincom.wpenginepowered.com/wp-content/uploads/2021/10/Data-Driven-1.jpg,Marketing Technology in a Data-Driven Era,"OCTOBER 22, 2021",8
https://rategaincom.wpenginepowered.com/wp-content/uploads/2021/10/Usability-and-Accessibility-How-they-are-making-AirGain-smarter-for-you.jpg,Usability and Accessibility – How they are making AirGain smarter for you!,"OCTOBER 5, 2021",10
https://rategaincom.wpenginepowered.com/wp-content/uploads/2021/10/Building-a-Culture-of-Empowerment.jpg,Building a Culture of Empowerment,"OCTOBER 4, 2021",8
https://rategaincom.wpenginepowered.com/wp-content/uploads/2021/09/Is-The.jpg,Is The Future Of Forecasting Clear For Revenue Managers?,"SEPTEMBER 29, 2021",10
https://rategaincom.wpenginepowered.com/wp-content/uploads/2021/09/Directly-Manage-Rooms-and-Rates-from-RateGains-Channel-Manager-UI-to-Booking-com-2.jpg,Upcoming Launch: The New Room – Rate Management API will Help Distribution Teams Directly and Quickly Create/Retrieve a Multitude of Room Rate Types from RezGain,"SEPTEMBER 28, 2021",5
https://rategaincom.wpenginepowered.com/wp-content/uploads/2021/09/How-revenue-managers-can-be-future-ready-for-the-next-crisis.jpg,How Revenue Managers Can Be Future Ready For The Next Crisis,"SEPTEMBER 23, 2021",9
https://rategaincom.wpenginepowered.com/wp-content/uploads/2021/09/How-Can-New-Airlines-Thrive-In-A-Post-Covid-World-.jpg,How Can New Airlines Thrive the Post- Covid World,"SEPTEMBER 3, 2021",4
https://rategaincom.wpenginepowered.com/wp-content/uploads/2021/09/How-to-Use-a-Channel-Manager-for-your-Hotel-Operations-if-You-have-Only-15-or-30-Minutes-in-the-Day.jpg,Making Your Hotel Channel Manager Adapt to Your Day,"SEPTEMBER 1, 2021",4
https://rategaincom.wpenginepowered.com/wp-content/uploads/2021/09/CarGain-Canvas.jpg,CarGain Canvas: Analytics that give you 360 degree control over your market,"SEPTEMBER 1, 2021",3
https://rategaincom.wpenginepowered.com/wp-content/uploads/2021/07/What-signals-is-the-summer-of-2021-giving-car-rentals.jpg,What Signals is the Summer of 2021 Giving Car Rentals?,"JULY 8, 2021",4
https://rategaincom.wpenginepowered.com/wp-content/uploads/2021/06/Inter-blog-1.jpg,WHAT ARE YOUR PRONOUNS?,"JUNE 25, 2021",9
https://rategaincom.wpenginepowered.com/wp-content/uploads/2021/06/Unearthing-the-power-and-simplicity-of-bulk-update-and-report-generation-on-AirGain-2.jpeg,Bringing More Speed and Agility to Airline Pricing for the Post-COVID Revenue Manager,"JUNE 15, 2021",5
https://rategaincom.wpenginepowered.com/wp-content/uploads/2021/05/How-to-Capture-Rate-Integrity-Issues-in-the-Most-Simplified-Way-copy-1024x536-1.jpg,The Current State of Airline Pricing post-Covid,"MAY 3, 2021",5
https://rategaincom.wpenginepowered.com/wp-content/uploads/2021/04/How-to-Capture-Rate-Integrity-Issues-in-the-Most-Simplified-Way-copy-1024x536-1.jpg,How can hoteliers get 2021 right with a solid pricing strategy as volatility in recovery persists,"MAY 3, 2021",5
https://rategaincom.wpenginepowered.com/wp-content/uploads/2021/04/Why-we-data-story.jpg,Why We Must Tell a Visual Data Story,"APRIL 30, 2021",5
https://rategaincom.wpenginepowered.com/wp-content/uploads/2021/04/The-Revenue-Management-Checklist-for-2021-3.jpg,Airlines Revenue Management Checklist for 2021,"APRIL 29, 2021",5
https://rategaincom.wpenginepowered.com/wp-content/uploads/2020/12/Cap-on-wedding-guests-might-pinch-but-its-a-necessary-evil-3.jpg,"Cap on Wedding Guests Might Pinch, But It's a Necessary Evil","DECEMBER 25, 2020",3
https://rategaincom.wpenginepowered.com/wp-content/uploads/2020/12/We-have-been-profitable-since-inception-3.jpg,"We have been Profitable Since Inception: Yogeesh Chandra- Global Head of Corporate Development, RateGain","DECEMBER 22, 2020",3
https://rategaincom.wpenginepowered.com/wp-content/uploads/2020/12/Some-employees-are-getting-a-new-job-1.jpg,Some Employees are Getting a New Job…At Their Old Job,"DECEMBER 21, 2020",5
https://rategaincom.wpenginepowered.com/wp-content/uploads/2020/12/Hospitality-Banner-no-cta.jpg,Visioning The Post-COVID Era In Revenue Management,"DECEMBER 21, 2020",5
https://rategaincom.wpenginepowered.com/wp-content/uploads/2020/12/New-Deal-Europe-Weekly-Update-on-Tourism-to-the-Balkan-Region-Week-24-1.jpg,50% Rise in Bookings Not Enough for India to Catch Up With Global Recovery,"DECEMBER 21, 2020",5
https://rategaincom.wpenginepowered.com/wp-content/uploads/2020/12/Tech-skills-that-can-rebuild-the-travel-industry-1.jpg,Tech Skills That can Rebuild the Travel Industry,"DECEMBER 20, 2020",5
https://rategaincom.wpenginepowered.com/wp-content/uploads/2020/12/After-China-can-Revenge-Travel-happen-in-India-1.jpg,After China can 'Revenge Travel' Happen in India?,"DECEMBER 18, 2020",4
https://rategaincom.wpenginepowered.com/wp-content/uploads/2020/12/Travel-hospitality-sector-will-take-12-15-months-to-cross-pre-Covid-level-hiring-figures-Industry-leaders-1.jpg,Travel & Hospitality Sector Will Take 12-15 Months To Cross Pre-covid Level Hiring Figures: Industry Leaders,"DECEMBER 16, 2020",4
https://rategaincom.wpenginepowered.com/wp-content/uploads/2020/12/What-Hotels-Need-to-Know-About-the-Staycation-Boom-1.jpg,What Hotels Need to Know About the Staycation Boom,"DECEMBER 16, 2020",4
https://rategaincom.wpenginepowered.com/wp-content/uploads/2020/12/Linkedin-no-cta.jpg,Here’s How Hoteliers Can Attract New Travelers in the Post-COVID Era,"DECEMBER 16, 2020",5
https://rategaincom.wpenginepowered.com/wp-content/uploads/2020/12/How-airline-revenue-management-and-pricing-teams-respond-to-revenue-volatility-1.jpg,How Airline Revenue Management and Pricing Teams Respond to Revenue Volatility?,"DECEMBER 15, 2020",5
https://rategaincom.wpenginepowered.com/wp-content/uploads/2020/12/Revenue-volatility-in-airlines-is-here-to-stay-1.jpg,Revenue Volatility in Airlines is Here to Stay: What can Revenue & Pricing Teams do About it?,"DECEMBER 15, 2020",5
https://rategaincom.wpenginepowered.com/wp-content/uploads/2020/12/These-New-Car-Rental-Subscription-Programs-Will-Get-You-There-2.jpg,These New Car Rental Subscription Programs Will Get You There,"DECEMBER 15, 2020",5
https://rategaincom.wpenginepowered.com/wp-content/uploads/2020/12/Pardon-me-your-politics-are-showing-1.jpg,"Pardon me, your politics are showing","DECEMBER 12, 2020",4
https://rategaincom.wpenginepowered.com/wp-content/uploads/2020/12/New-Deal-Europe-Weekly-Update-on-Tourism-to-the-Balkan-Region-Week-24-1.jpg,"New Deal Europe Weekly Update on Tourism to the Balkan Region, Week 24","DECEMBER 12, 2020",4
https://rategaincom.wpenginepowered.com/wp-content/uploads/2020/10/full-demand-banner-blog-1.jpg,See the Green Shoots of Recovery with Smart Distribution’s latest addition “Future Demand”,"OCTOBER 21, 2020",5
https://rategaincom.wpenginepowered.com/wp-content/uploads/2020/10/Seven-Tactics-to-Keep-your-Hotels-Distribution-Healthy-and-Highly-Profitable-1.jpg,Seven Tactics to Keep your Hotel's Distribution Healthy and Highly Profitable,"OCTOBER 7, 2020",8
https://rategaincom.wpenginepowered.com/wp-content/uploads/2020/08/Bespoke-Strategies-for-Opening-the-Doors-to-the-European-Market.jpg,Bespoke Strategies for Opening the Doors to the European Market,"AUGUST 25, 2020",7
https://rategaincom.wpenginepowered.com/wp-content/uploads/2020/08/A-New-Era-of-Exploration-is-Coming-to-Hoteliers.-Stay-Tuned.jpg,A New Era of Exploration is Coming to Hoteliers. Stay Tuned!,"AUGUST 20, 2020",4
https://rategaincom.wpenginepowered.com/wp-content/uploads/2020/08/millienium-1.jpg,Perspectives with Saurabh Prakash: How Hotels Can Get Digital Right for Recovery,"AUGUST 14, 2020",4
https://rategaincom.wpenginepowered.com/wp-content/uploads/2020/07/Spice-Blog-Blog.jpg,Perspectives with Debojo: How Survival Became A Success Metric at SpiceJet,"JULY 22, 2020",6
https://rategaincom.wpenginepowered.com/wp-content/uploads/2020/07/UK-Blog-Banner-1.jpg,Strategies for Hoteliers to Get Back to Business for UK Market,"JULY 20, 2020",6
https://rategaincom.wpenginepowered.com/wp-content/uploads/2020/07/Blog-Banner-EU-1.jpg,Strategies for Hoteliers to Get Back to Business for Europe Market,"JULY 20, 2020",9
https://rategaincom.wpenginepowered.com/wp-content/uploads/2020/07/Perspectives-8-with-Ajay-Bakaya-Managing-Director-Sarovar-Hotels-and-Resorts.jpg,"Perspectives #8 with Ajay Bakaya, Managing Director, Sarovar Hotels and Resorts","JULY 14, 2020",4
https://rategaincom.wpenginepowered.com/wp-content/uploads/2020/06/Global-Aviation-Banner.jpg,Re-Taking The Skies : What Can Commercial Teams Do To Gear Up For A Full Return Of Airline Travel In The New Normal,"JUNE 30, 2020",3
https://rategaincom.wpenginepowered.com/wp-content/uploads/2020/06/React-to-Competitive-Prices-in-Real-Time-with-RG.jpg,React to Competitive Prices in Real Time with RateGain’s OPTIMA MarketDrone,"JUNE 15, 2020",4
https://rategaincom.wpenginepowered.com/wp-content/uploads/2020/06/Hospitality-net-banner.jpg,Watch Your Language! Content in the New Hospitality Landscape,"JUNE 2, 2020",4
https://rategaincom.wpenginepowered.com/wp-content/uploads/2020/05/Keeping-Lights-On-During-CoronaVirus-Crisis.jpg,Keeping Lights on During the Current COVID Crisis!,"MAY 5, 2020",4
https://rategaincom.wpenginepowered.com/wp-content/uploads/2020/04/distribution-blog-1200x628-2-1.jpg,"Hoteliers, Spot New Markets to Create New Revenues in a Post-COVID 19 World","APRIL 23, 2020",11
https://rategaincom.wpenginepowered.com/wp-content/uploads/2020/04/Social-Media-During-COVID-19-Tourism-Brands-That-Got-It-Right.jpg,Social Media During COVID-19: Tourism Brands That Got It Right,"APRIL 21, 2020",8
https://rategaincom.wpenginepowered.com/wp-content/uploads/2020/03/Covid-Blog.jpg,We Are Bracing Ourselves: Are You?,"MARCH 20, 2020",12
https://rategaincom.wpenginepowered.com/wp-content/uploads/2020/02/How-to-Capture-Rate-Integrity-Issues-in-the-Most-Simplified-Way-copy-1024x536-1.jpg,How to Capture Rate Integrity Issues in the Most Simplified Way,"MARCH 11, 2020",10
https://rategaincom.wpenginepowered.com/wp-content/uploads/2020/02/accpteable.jpg,Top 3 Rate Disparity Cases Acceptable to a Revenue Manager,"MARCH 4, 2020",13
https://rategaincom.wpenginepowered.com/wp-content/uploads/2020/02/Rate-Integrity-A-Brand-New-Way-of-Increasing-Direct-Bookings-.jpg,Rate Integrity: A Brand New Way of Increasing Direct Bookings,"FEBRUARY 27, 2020",8
https://rategaincom.wpenginepowered.com/wp-content/uploads/2020/02/Why-Choose-Rate-Intelligence-Over-Rate-Shopping-1.jpg,Why Choose Rate Intelligence Over Rate Shopping?,"FEBRUARY 19, 2020",11
https://rategaincom.wpenginepowered.com/wp-content/uploads/2020/02/Why-a-Rate-Intelligence-Experience-Should-Have-the-Best-Art-Science-Behind-it-v2-copy-1.jpg,Why a Rate Intelligence Experience Should Have the Best Art & Science Behind it,"FEBRUARY 5, 2020",11
https://rategaincom.wpenginepowered.com/wp-content/uploads/2020/01/Distribution-blog-banner.jpg,Our Point of View on the Modern Age Distribution Ecosystem,"JANUARY 31, 2020",6
https://rategaincom.wpenginepowered.com/wp-content/uploads/2020/01/HR-blog.jpg,Are You Leading A Future-Ready HR?,"JANUARY 29, 2020",7
https://rategaincom.wpenginepowered.com/wp-content/uploads/2020/01/5-Ways-to-Ace-Hospitality-Marketing-in-2020.jpg,5 Ways to Ace Hospitality Marketing in 2020,"JANUARY 20, 2020",5
https://rategaincom.wpenginepowered.com/wp-content/uploads/2020/01/RateGain-Leveraging-UI-to-Create-Value_Blog.jpg,Why UX is Instrumental for Revenue Management,"JANUARY 14, 2020",16
https://rategaincom.wpenginepowered.com/wp-content/uploads/2019/12/Visualizing-Data-Like-a-Pro-The-Key-to-Unlock-the-Data-Gold-Mine.jpg,Visualizing Data Like a Pro: The Key to Unlock the Data Gold Mine,"DECEMBER 17, 2019",13
https://rategaincom.wpenginepowered.com/wp-content/uploads/2019/12/Smart-Shopping-for-Data-Blog.jpg,Smart Shopping for Data: Driving Analytics Excellence in the Airlines Industry,"DECEMBER 4, 2019",5
https://rategaincom.wpenginepowered.com/wp-content/uploads/2019/11/Four-Signs-It-is-Time-to-Change-your-Distribution-Partner-5.jpg,"Mr. Hotelier, Four Signs It is Time to Change your Distribution Partner","NOVEMBER 29, 2019",5
https://rategaincom.wpenginepowered.com/wp-content/uploads/2019/11/Navigating-Constant-Consolidation-banner.jpg,Adopting SCRUM in the Organization’s People Processes,"NOVEMBER 22, 2019",3
https://rategaincom.wpenginepowered.com/wp-content/uploads/2019/11/Navigating-Constant-Consolidation-banner.jpg,How to Deliver Value In The Era Of Hospitality Industry Consolidation?,"NOVEMBER 19, 2019",4
https://rategaincom.wpenginepowered.com/wp-content/uploads/2019/11/airline.jpg,What will define Long Term Success for Airlines,"NOVEMBER 11, 2019",8
https://rategaincom.wpenginepowered.com/wp-content/uploads/2019/10/Airline-Revenue-Manager-PR-2.jpg,Challenges for Airline Revenue Managers Beyond 2020,"OCTOBER 23, 2019",9
https://rategaincom.wpenginepowered.com/wp-content/uploads/2019/10/Airline-Revenue-Manager-Blog.jpg,Navigating Constant Consolidation,"OCTOBER 21, 2019",8
https://rategaincom.wpenginepowered.com/wp-content/uploads/2019/10/Distribution-blog-banner.jpg,Our point of view on Distribution Journey,"OCTOBER 17, 2019",8
https://rategaincom.wpenginepowered.com/wp-content/uploads/2019/10/ui-banner-1.jpg,Putting User Experience at the center of a new problem,"OCTOBER 15, 2019",10
https://rategaincom.wpenginepowered.com/wp-content/uploads/2019/10/Re-Configuring-The-Distribution-Models-For-The-Next-Gen-Distribution-Ecosystem.jpg,The Last Distribution Challenge,"OCTOBER 15, 2019",2
https://rategaincom.wpenginepowered.com/wp-content/uploads/2019/09/Can-Car-Rental-analytics-help-make-better-investment-decisions-2.jpg,Can Car Rental analytics help make better investment decisions?,"OCTOBER 4, 2019",8
https://rategaincom.wpenginepowered.com/wp-content/uploads/2019/09/blog-post.jpg,Top 3 considerations for blueprinting your content transformation,"SEPTEMBER 21, 2019",7
https://rategaincom.wpenginepowered.com/wp-content/uploads/2019/09/cargain.jpg,The Path to A Shared Future: Can car rentals help in turning around the industry slowdown ?,"SEPTEMBER 11, 2019",7
https://rategaincom.wpenginepowered.com/wp-content/uploads/2019/08/Delivering-Duty-of-Care-in-the-Age-of-Corporate-Rogue-Travel.jpg,Delivering Duty of Care in the Age of Corporate Rogue Travel,"AUGUST 21, 2019",5
https://rategaincom.wpenginepowered.com/wp-content/uploads/2019/07/Who-is-winning-the-experience-game-in-travel-and-hospitality-1.jpg,Who is winning the experience game in travel and hospitality?,"JULY 22, 2019",2
https://rategaincom.wpenginepowered.com/wp-content/uploads/2019/07/Airlines-Soaring-on-Ancillary-Revenue.jpg,Airlines: Soaring on Ancillary Revenue,"JULY 18, 2019",5
https://rategaincom.wpenginepowered.com/wp-content/uploads/2019/06/car.jpg,Transaction Tracking and Analytics: Steering Car Rental,"JUNE 24, 2019",5
https://rategaincom.wpenginepowered.com/wp-content/uploads/2019/06/car1.jpg,Enhancing Car Rental Revenue Management with AI-driven Dynamic Pricing,"JUNE 24, 2019",5
https://rategaincom.wpenginepowered.com/wp-content/uploads/2019/04/Cruise-Image-1218x609.jpg,Busting a billion-dollar digital myth for cruise lines!,"FEBRUARY 8, 2019",6
https://rategaincom.wpenginepowered.com/wp-content/uploads/2019/04/Dss-Blog-1200x600.jpg,The future of distribution strategy at your doorstep,"SEPTEMBER 24, 2018",4
https://rategaincom.wpenginepowered.com/wp-content/uploads/2019/04/2-brandgain-1200x600.jpg,"‘A Thousand Words’: Why Great Visuals Speak Directly, Fluently and Effortlessly","AUGUST 27, 2018",4
https://rategaincom.wpenginepowered.com/wp-content/uploads/2019/04/1-packages-1200x600.jpg,New Age Data is Driving Growth for Travel Package Providers,"AUGUST 24, 2018",3
,Tackling content issues head-on,"JULY 16, 2018",4
https://rategaincom.wpenginepowered.com/wp-content/uploads/2019/04/Distribution-900x450.jpg,7 Top Trends In Hotel Distribution Today,"JULY 13, 2018",3
https://rategaincom.wpenginepowered.com/wp-content/uploads/2019/04/Retagain_HRS-1-764x382.jpg,HRS Selects RateGain as its Channel Management Partner for their newest connectivity platform,"MAY 4, 2018",3
https://rategaincom.wpenginepowered.com/wp-content/uploads/2019/04/code_itinerary1-534x267.jpg,,,
,,,
,,,
,,,
,,,
